dataset_name,url
酒吧資料,https://data.gov.mo/Detail?id=b4fa6540-4295-4bf6-81d3-3377dd013fa1
公務人員數目統計,https://data.gov.mo/Detail?id=06100e7b-a025-44c5-89f1-ff0da894fe02
停車場資料,https://data.gov.mo/Detail?id=ac55c2f1-780a-4dc8-875f-851b2203b706
巴士路線資料,https://data.gov.mo/Detail?id=e7b2e84d-3333-42f0-b676-64ce95306f0d
實時天氣簡報,https://data.gov.mo/Detail?id=070f7d9b-f734-4269-841c-0859912a5b15
澳門公共行政雜誌目錄,https://data.gov.mo/Detail?id=da97701e-3e56-42b7-a6a7-528b95fa8277
停車場車位資訊,https://data.gov.mo/Detail?id=ea50a770-cc35-47cc-a3ba-7f60092d4bc4
酒店/公寓/公寓式酒店資料,https://data.gov.mo/Detail?id=6dafc514-7fc6-4d4e-9468-8772ba1c3b44
入境旅客,https://data.gov.mo/Detail?id=3546225a-2a34-4645-b01e-6752aed03993
導遊名單,https://data.gov.mo/Detail?id=1c1f1003-f723-4595-b4d5-915d3375131b
餐廳資料,https://data.gov.mo/Detail?id=8b759bf6-3458-4f8c-be22-2de3638f4ed6
公務人員數目統計—按母語劃分,https://data.gov.mo/Detail?id=be8e4cc1-18e0-492d-9f24-e185698d200c
住宅單位每平方米平均價格,https://data.gov.mo/Detail?id=fc579d6a-4605-43d0-b23c-a25d997f9e44
疾病預防控制範疇十大死亡癌症個案,https://data.gov.mo/Detail?id=420d8915-1599-4fee-9cba-50df76c482ee
就業人口月工作收入中位數,https://data.gov.mo/Detail?id=00d591b9-781c-4583-a440-896e9e89d9fc
整體住宅樓價指數,https://data.gov.mo/Detail?id=111c078e-729d-47af-b5f0-edd03444590e
新成立公司,https://data.gov.mo/Detail?id=094324ef-45cb-4d5f-9004-77e6d82c1042
實時天氣,https://data.gov.mo/Detail?id=712bf9fa-2ec1-4762-aa55-2cdaf23dd563
受私法制度規範的基金會及其他公共機構的人員數目統計,https://data.gov.mo/Detail?id=5666b930-8b8d-4022-bc09-bb27bd1aa205
在澳門以外地區升學的澳門學生人數統計─按課程程度劃分,https://data.gov.mo/Detail?id=7b5de9ad-e295-41f8-b0a6-38608d562eee
公務人員招聘－統一管理開考綜合能力評估程序的數據資料,https://data.gov.mo/Detail?id=2f17ecdf-4c81-4f6f-8384-4d52d428a125
旅客平均逗留時間,https://data.gov.mo/Detail?id=725a1e1b-1bfc-4f3b-93c4-d72227034447
熱帶氣旋警告,https://data.gov.mo/Detail?id=15044781-1752-4f98-b87e-508208d70408
堂區土地面積,https://data.gov.mo/Detail?id=2ef78656-709d-48c6-b03b-51030bd414ef
旅遊快訊,https://data.gov.mo/Detail?id=aae52fd8-3d52-47ae-9b0d-bc77ec6ac232
澳門特殊和危險廢物處理站數據,https://data.gov.mo/Detail?id=fc6a47e8-8b8a-4d48-b980-d861d1cecf77
澳門特區居民身份證持有人統計,https://data.gov.mo/Detail?id=0c3034c7-c756-4ef1-bc12-ce91bf934ef6
屬卡拉OK類型之場地資料,https://data.gov.mo/Detail?id=625fe777-b72a-49c1-bd7c-34872dc02e4f
會展活動,https://data.gov.mo/Detail?id=e500021d-190e-4f1a-95c1-a6efeec60245
公務人員數目統計—按出生地點劃分,https://data.gov.mo/Detail?id=2aa11fde-a7ba-4557-9e95-1ea830dd3763
居留權證明書發出數量統計,https://data.gov.mo/Detail?id=2a46d581-0cda-484f-82c0-92116ba458da
公務人員數目統計—按薪俸索引點劃分,https://data.gov.mo/Detail?id=4784abeb-9995-48a0-85bc-050ee9c14150
體育設施,https://data.gov.mo/Detail?id=6a965f6f-40fc-4aca-b83e-28a8cfed21ae
舞廳資料,https://data.gov.mo/Detail?id=e04dcdc3-046c-45d5-a4d8-0c189659fe53
澳門國際機場飛機起降架次,https://data.gov.mo/Detail?id=f9aeadd6-efb8-47ac-920a-946602453733
公務人員培訓課程統計-按培訓範疇,https://data.gov.mo/Detail?id=69594e27-5571-49a9-af8a-17125714cff3
學校資料統計表,https://data.gov.mo/Detail?id=b3cd7955-9d1d-421e-985c-3e72fd5a04c3
空氣污染物實測濃度,https://data.gov.mo/Detail?id=8d089bb5-5b2d-4b56-9f47-efbc35fe8870
專科衛生護理範疇十大診斷和治療輔助檢查人次,https://data.gov.mo/Detail?id=021bebc0-ee89-4fe4-b4cf-c7355d1b7683
專科衛生護理範疇按歲組劃分的急診治療人次,https://data.gov.mo/Detail?id=67ec26fb-a38d-4b6b-8aab-2f031f20eafa
蒸汽浴室及按摩院資料,https://data.gov.mo/Detail?id=ea9867fb-e2cf-44d3-b4c1-e47bf97a256d
澳門垃圾焚化中心,https://data.gov.mo/Detail?id=8142c05e-818a-478a-9256-4ecd494d3f87
道路監控及偵測系統,https://data.gov.mo/Detail?id=6dfb981a-aa65-4b67-90bf-2b165f1c0c85
地段數目統計,https://data.gov.mo/Detail?id=dd6ad22b-dfb7-477b-8358-084bd1bfe1c8
無人機活動申請數據,https://data.gov.mo/Detail?id=5eba282f-a1f9-4f68-9b80-7901e56f7f06
公務人員數目統計—按監督實體及其他機構劃分,https://data.gov.mo/Detail?id=0c78b4d9-df47-4b11-85bf-bab24c6b3626
澳門特區旅行證件發出數量統計,https://data.gov.mo/Detail?id=1bd5236a-cca2-4e32-bc07-8db86867e57f
公務人員數目統計—按語言知識劃分,https://data.gov.mo/Detail?id=347ec646-af08-4249-b4b1-e5d0286308a8
獲發動工批示住宅單位,https://data.gov.mo/Detail?id=fb000438-ae46-49a2-85fd-1611cdf2323a
人力資源範疇按取得學歷之地點劃分的人員分佈,https://data.gov.mo/Detail?id=1e46f603-4766-476f-94c0-7c434f53c3b2
離境航班準點率,https://data.gov.mo/Detail?id=af4a12cf-7e30-4400-b591-0797eb3bba93
屬健康俱樂部類型之場地資料,https://data.gov.mo/Detail?id=c8c89051-dad2-4787-ade8-24e26db17c85
商標註冊申請量,https://data.gov.mo/Detail?id=8ff5d0ef-235c-4847-a4ca-0f9d5b515bb6
即時特別天氣訊息,https://data.gov.mo/Detail?id=63b99551-539d-4381-967e-bfb82f4e7c05
澳門國際機場乘客量,https://data.gov.mo/Detail?id=92824cd3-ef32-4cc4-862b-d45b320b5b9d
水質自動監測站數據,https://data.gov.mo/Detail?id=ca5ab966-6195-4b67-beff-a66d7436b0be
在澳門以外地區升學的澳門學生人數統計─按性別劃分,https://data.gov.mo/Detail?id=143e1159-fa1f-4d47-bf46-c49410838e52
七日天氣預報,https://data.gov.mo/Detail?id=4ad04fae-852d-4d31-b31c-77dfc080f8f5
最新第一組《公報》,https://data.gov.mo/Detail?id=937ccdd0-8cff-4028-b081-bd4e318bd9e9
退休及撫卹制度-退休金份數,https://data.gov.mo/Detail?id=c9a19752-f89a-455c-8dfb-585504299f70
公務人員招聘－統一管理制度的綜合能力評估開考的數據資料,https://data.gov.mo/Detail?id=1a255b4e-ce65-47d8-9a68-cb814007cdd6
總體失業率,https://data.gov.mo/Detail?id=662fc6ea-d70a-4f18-9611-5dfbd6b88d52
人員執照概況,https://data.gov.mo/Detail?id=054b4bb8-b2bb-42dc-8cc6-a8b210ef3965
退休及撫卹制度-在職會員-按年齡劃分,https://data.gov.mo/Detail?id=2085fc75-1e52-4bb1-ba7a-05535294a1fb
行政長官選舉結果統計,https://data.gov.mo/Detail?id=242fadb6-04c6-4e6c-8eaf-392e409be226
年終總人口,https://data.gov.mo/Detail?id=7578ac99-41a4-4c8c-8da2-fad18eb40c13
噪聲監測站數據,https://data.gov.mo/Detail?id=d57eca5e-d61e-4718-9d19-a8d80e2f34dd
民航局處理的投訴和建議,https://data.gov.mo/Detail?id=cc24f281-5369-4111-9aea-50e2f07096c7
旅客人均消費,https://data.gov.mo/Detail?id=f02b334a-cc44-4433-b942-672de0fdad13
國籍申請統計,https://data.gov.mo/Detail?id=ab56e705-cbda-47a3-9f8a-2658159809f4
公務人員數目統計—按學歷程度劃分,https://data.gov.mo/Detail?id=5613b819-b110-40ac-974c-e556815e5587
自然人選民登記統計,https://data.gov.mo/Detail?id=7dc630ef-da14-41b5-9815-13d97340c941
酒店及公寓可提供客房,https://data.gov.mo/Detail?id=8d031b75-02de-46fd-a3be-97c6b9c6bed0
公職補充福利制度商戶優惠清單,https://data.gov.mo/Detail?id=f1183f2c-1c42-4cbb-ba72-c44d3870eabb
會展活動平均會期／展期,https://data.gov.mo/Detail?id=29c9c969-d53b-4845-a991-54032ba15362
風暴潮,https://data.gov.mo/Detail?id=4e8d2017-aa1b-4bab-a03a-fb570dadbf6e
本地生產總值 (支出法) - 當年價格,https://data.gov.mo/Detail?id=08d5d237-ea56-46f4-9336-1597512f9ef9
建築工人平均日薪,https://data.gov.mo/Detail?id=11416283-caa4-43cf-b33d-0aae77a30d50
刑事紀錄證明書發出數量統計,https://data.gov.mo/Detail?id=38d3dac0-482b-4317-a389-8d1039a07645
最新第二組《公報》,https://data.gov.mo/Detail?id=f0838ff8-00fe-4f6c-b485-e5750e3b5005
留宿旅客人均消費,https://data.gov.mo/Detail?id=551464b2-6cf6-43b0-9dfb-5f21cf94a04d
黃金周統計數據 - 入境旅客,https://data.gov.mo/Detail?id=6676880c-affd-4824-b88d-b6f927519fc7
首次領取澳門特區居民身份證統計,https://data.gov.mo/Detail?id=3e175d48-6e56-41cc-9e79-cea1ceb699f1
酒店及公寓平均入住率,https://data.gov.mo/Detail?id=8812ecc5-e9ab-4e2f-b971-d3c16e46bd32
博彩業全職僱員平均薪酬,https://data.gov.mo/Detail?id=dd88c16b-9508-4ff1-9914-14152471aa3b
公務人員數目統計—按年齡組別及性別劃分,https://data.gov.mo/Detail?id=38acc395-b41c-470c-a2fb-8b0272e9ff32
航機上的違法行為,https://data.gov.mo/Detail?id=08af9b02-8623-45f8-b249-e3a8e6d6baba
公積金制度-供款人-按供款時間劃分,https://data.gov.mo/Detail?id=38ae6064-be91-4d33-826d-0252746d9b0a
行車道路總長度,https://data.gov.mo/Detail?id=fe5dfdee-3e24-4144-881a-6c3aff5ed8ac
留宿旅客,https://data.gov.mo/Detail?id=029427cc-7ae4-4981-bb00-f929aea4a8cf
銀行業全職僱員,https://data.gov.mo/Detail?id=31fa10f6-2e16-4c8c-b986-b64da7eee3ff
建築廢料堆填區數據,https://data.gov.mo/Detail?id=67147260-acd0-4954-aefd-9b8e755cb52e
人均本地生產總值,https://data.gov.mo/Detail?id=89e1c669-18e3-4929-942f-94b691f55817
中國與葡語國家進出口總額,https://data.gov.mo/Detail?id=b6ef0c44-2421-45b3-83c0-2e55c8c79a60
住客平均留宿時間,https://data.gov.mo/Detail?id=de1919ba-d035-4d57-8d7f-fd58fb67567f
消費物價指數 – 通脹率,https://data.gov.mo/Detail?id=ec47d6b4-168d-4ba6-9dca-25cc192aa9c1
一般衛生護理範疇(衛生中心)按衛生中心劃分的門診人次,https://data.gov.mo/Detail?id=39671273-681c-4292-83a0-9729b5d44eb1
旅客總消費,https://data.gov.mo/Detail?id=6466a42d-cd30-40a3-9017-3e0066e6b077
斑馬線,https://data.gov.mo/Detail?id=be3f06ca-e2fb-43d1-bd2d-109a77139127
公務人員數目統計—按僱傭法律關係劃分,https://data.gov.mo/Detail?id=03d23070-6d3a-4064-8236-e1e7517032f1
路氹城生態保護區物種數據,https://data.gov.mo/Detail?id=040b1dbf-54a9-436d-b51d-e9e9d6f0c48c
大眾體育健身興趣班資料,https://data.gov.mo/Detail?id=0e6362e3-0b0b-4696-9bf3-fb4b2c928b09
土地面積,https://data.gov.mo/Detail?id=4ab2bf1d-1bf1-4d7e-ba1a-278a8ef697f7
污水處理廠數據(路環),https://data.gov.mo/Detail?id=a5a05d0e-30c5-4298-81d5-e6bee5af5e8b
旅行社資料,https://data.gov.mo/Detail?id=a9b52a2a-f878-40cb-8d47-7afd4f16bb5b
水位站實時數據,https://data.gov.mo/Detail?id=dd6e0e5c-fa73-462d-811d-8d550b6d02b9
法人選民登記統計,https://data.gov.mo/Detail?id=e713a8d9-1fe3-47c4-a2b4-f4da39d1328e
獲發使用准照住宅單位,https://data.gov.mo/Detail?id=eeedd78d-ef09-47a8-a69a-04fa7ae73455
不過夜旅客人均消費,https://data.gov.mo/Detail?id=0c9fa128-2979-476e-a6d0-0516e917c90d
在澳門以外地區升學的澳門學生人數統計,https://data.gov.mo/Detail?id=7cad5124-7af7-4eba-8e1a-25a1c4ea1902
實時空氣質量時指數,https://data.gov.mo/Detail?id=986cfdf5-0d14-4db7-8b87-5350b65268bd
零售業銷售額,https://data.gov.mo/Detail?id=f5576013-a007-410d-8924-70b4ce86c7a0
空氣質量時指數時序,https://data.gov.mo/Detail?id=429c9e54-9dc6-41a4-b2d5-558acfa706c0
節日盛事表,https://data.gov.mo/Detail?id=617ad45c-f1c8-461d-9ba7-e2da3de7b7cc
對外商品貿易統計 – 出口,https://data.gov.mo/Detail?id=6b4376a4-d2d9-4117-be14-a4550d572014
主要山丘高度,https://data.gov.mo/Detail?id=52beb52e-b8ea-4922-aeaf-6dbb4a93c150
退休及撫卹制度-在職會員-按退休工齡劃分,https://data.gov.mo/Detail?id=8d86962d-9d38-4930-b787-291ce38fd3a6
道路總長度,https://data.gov.mo/Detail?id=932c4d31-6512-42b9-b66b-026d761f23ee
退休及撫卹制度-收取退休金及撫卹金的人數-按平均年齡劃分,https://data.gov.mo/Detail?id=acbc1c4d-3df8-4747-9ad1-5f2dbd02ebc7
公共道路咪錶車位,https://data.gov.mo/Detail?id=e362d709-ae92-4176-ae8c-7dbc92776f38
路氹城生態保護區水質數據,https://data.gov.mo/Detail?id=7f65228b-5597-4337-8da4-a25c43336f56
行政長官選舉委員會委員選舉結果統計,https://data.gov.mo/Detail?id=80ddc191-fc5d-4f00-868d-cdf0c6144997
大橋車流量(友誼),https://data.gov.mo/Detail?id=934bbc43-57e5-4b9a-9e71-6d64725808c4
污水處理廠數據(氹仔),https://data.gov.mo/Detail?id=9d257556-9d52-4a59-afa0-d1a2a2bab0a8
大橋車流量(西灣),https://data.gov.mo/Detail?id=d5f2cfcf-29d7-453e-a72a-ba64ef944040
年終本地人口,https://data.gov.mo/Detail?id=2828f4ac-bce6-42ab-acac-243a95b5cbad
社團及財團數量統計,https://data.gov.mo/Detail?id=89f1a98f-4195-4272-b3bb-72a3b5555a8a
對外商品貿易統計 – 進口,https://data.gov.mo/Detail?id=ded00496-4909-4fa8-8a8d-81dd75432e4f
銀行業全職僱員平均薪酬,https://data.gov.mo/Detail?id=0438959e-477b-4ec5-9e96-6f7a9ac5fc23
會展活動與會者／入場觀眾,https://data.gov.mo/Detail?id=c0e46411-6edf-4ce3-9de0-04ec90d5d075
交通燈組,https://data.gov.mo/Detail?id=fcfef8dd-0262-4d08-8b7d-a53b08a6ae5d
新成立公司註冊資本,https://data.gov.mo/Detail?id=00933b5d-501f-4974-bd97-bbea4d3889bd
澳門國際機場貨運量,https://data.gov.mo/Detail?id=5c54abdd-aada-4486-9683-121174f9fad6
CEPA貨物出口,https://data.gov.mo/Detail?id=8bcddaac-6ec0-426e-95af-1f5dd8b033ed
不過夜旅客,https://data.gov.mo/Detail?id=d0bfda7a-6873-40e3-be2c-bbebfad3628c
衛生範疇按歲組劃分的死亡人數統計,https://data.gov.mo/Detail?id=d120aa0f-6e05-4784-8e5e-1ea554c86a1a
商務包機和私人飛機起降架次,https://data.gov.mo/Detail?id=fd8c9c78-caba-4f4c-bd0b-cf1df2c38de4
公共道路免費車位,https://data.gov.mo/Detail?id=4f1c19c0-2f66-4b1f-8bc4-ed85dbdab3db
在澳門以外地區升學的澳門學生人數統計─按地區劃分,https://data.gov.mo/Detail?id=522e59ff-2c29-4910-819b-7cb0377f28da
澳門垃圾焚化中心尾氣數據,https://data.gov.mo/Detail?id=0d6dd204-5bc0-49f3-9b7a-7d9e6eb58020
暴雨警告,https://data.gov.mo/Detail?id=6720bf5c-1d87-45ef-8da5-1bccd28f745d
酒店參考房價,https://data.gov.mo/Detail?id=6c4ad68d-ac63-4c38-83fd-fd41cb3a98f9
接送員名單,https://data.gov.mo/Detail?id=7ad279ae-c84a-4885-9461-d571fddb2791
博彩業全職僱員,https://data.gov.mo/Detail?id=e326e401-0c7b-47b0-a523-52b93d4e08e9
污水處理廠數據(澳門半島),https://data.gov.mo/Detail?id=9c555082-70e8-452f-a86b-073cd0da4a55
人力資源範疇按專科部門劃分的專科醫生數目,https://data.gov.mo/Detail?id=ab086024-b35e-4a5e-bf57-8a3c93822830
夜間泊車位,https://data.gov.mo/Detail?id=ffa03c4b-cb93-4d27-b82f-6fd05ed87f31
本地居民失業率,https://data.gov.mo/Detail?id=b90ae8f3-a84c-401a-b3d7-4090ff2b5019
現貨住宅樓價指數,https://data.gov.mo/Detail?id=ca1cd724-5a13-43fe-a2af-403e07b3e826
專科衛生護理範疇按專科劃分的住院病人數目,https://data.gov.mo/Detail?id=3682eec7-81d4-4498-aed7-9273c4d40f01
大眾體育活動資料,https://data.gov.mo/Detail?id=51b2fd22-76ef-49dc-892e-590b81110cef
公積金制度-供款人-按性別劃分,https://data.gov.mo/Detail?id=5ea00938-ac46-4434-a94b-ff53532438fe
青年創業援助計劃統計 - 受惠行業,https://data.gov.mo/Detail?id=6dd9ca45-c648-43a6-acd0-f9bec0d061c7
本地就業居民月工作收入中位數,https://data.gov.mo/Detail?id=b946196a-46e9-4c7c-8a49-654fee6b7bc9
一般衛生護理範疇(其他)公共衛生化驗所概況,https://data.gov.mo/Detail?id=1ebae358-335f-4dec-9773-245e9bcd779e
公積金制度-供款人-按年齡劃分,https://data.gov.mo/Detail?id=43b1af2c-4610-4109-9bae-2eb312607b49
民航局回覆的立法會議員書面質詢,https://data.gov.mo/Detail?id=5d375a00-7c6a-4d73-860e-e275b51c4aa1
境外直接投資累計總額,https://data.gov.mo/Detail?id=903f92bd-4c6e-439a-9a92-57ffcdde03a9
海岸線長度,https://data.gov.mo/Detail?id=997c6e81-24d7-41d9-919a-5edbda2d0fbb
發明專利註冊申請量,https://data.gov.mo/Detail?id=a610b85a-766c-4352-8847-3569bde2d028
澳門高等院校教學人員人數統計─按本地及外聘劃分,https://data.gov.mo/Detail?id=03d0cb00-a17b-4833-b71a-ab906783f5e0
公共巴士站總數,https://data.gov.mo/Detail?id=08767a5c-3550-481d-b0d7-e72c55098f63
衛生範疇年終人口統計,https://data.gov.mo/Detail?id=a31814e1-1843-4903-8cab-8d49af328f73
已獲許可經營自行駕駛之機動車輛租賃業務的公司資料,https://data.gov.mo/Detail?id=b81695f0-9b8d-4a06-8433-eeb3dac72c19
一般衛生護理範疇(衛生中心)按門診種類和衛生中心劃分的門診人次,https://data.gov.mo/Detail?id=0f48b275-0cb9-46ab-b3fc-e3249051b621
巴士數量,https://data.gov.mo/Detail?id=3582b963-31c2-4d5b-8a08-1dc198fb125e
空氣質量指數預報,https://data.gov.mo/Detail?id=4591e04c-e63e-467e-af72-d40c20210a42
民航局處理的查詢,https://data.gov.mo/Detail?id=71df13f1-ab9d-480d-927d-c0058bcb7351
本地生產總值實質變動率,https://data.gov.mo/Detail?id=b7ef2411-a129-4979-a1e4-fd072b58c2dc
疾病預防控制範疇按國籍和傳染途徑劃分的愛滋病病毒感染個案,https://data.gov.mo/Detail?id=d2f5af05-6ff6-4f6f-b5a9-f2717cddd5f8
公積金制度-供款人登記之註銷-按供款時間劃分,https://data.gov.mo/Detail?id=fe443e97-5544-4c2c-aacf-e77037da53a7
財務管理範疇與政府有協議的私人藥房,https://data.gov.mo/Detail?id=3f85a540-691c-4463-822e-634446f0ee9f
營業場所名稱及標誌註冊申請量,https://data.gov.mo/Detail?id=58f3e075-6f5c-4bc7-a103-bcd448e3f144
設計及新型註冊申請量,https://data.gov.mo/Detail?id=7af2fae3-e5bb-4244-b475-09bfa8774d2e
地震報告,https://data.gov.mo/Detail?id=8d98109e-0b54-49e3-8493-0eb2a7cd1503
獲頒發體育獎金獎狀資料,https://data.gov.mo/Detail?id=aeb5f3fd-b8d7-4562-8f4f-f28764eb7c9a
青年創業援助計劃統計 - 申請概況,https://data.gov.mo/Detail?id=cd5d99eb-fbf3-4271-b3da-6e520d388d21
天氣預報,https://data.gov.mo/Detail?id=cdcd9dc6-d08c-4783-ae68-d3598a9b9945
財務管理範疇醫療補貼計劃,https://data.gov.mo/Detail?id=f4d024f4-084d-4332-9d6d-cf7cce42b7e2
海上天氣預報,https://data.gov.mo/Detail?id=69d48bce-21f6-4fe1-8b27-0882a645f630
外來直接投資累計總額,https://data.gov.mo/Detail?id=7f66c4d7-9448-445c-8776-26fcf43a441e
各年齡和年級的學生人數,https://data.gov.mo/Detail?id=8b80cae3-7999-4de3-b10f-a236952710c8
強烈季侯風警告,https://data.gov.mo/Detail?id=b592a9c4-6fd5-4c71-97df-b6601b2e0d41
住宅樓花樓價指數,https://data.gov.mo/Detail?id=b8114892-d23e-44f1-860d-8528f9bbc2ac
外地建築工人平均日薪,https://data.gov.mo/Detail?id=c4810513-98a6-455c-8ef9-78a5de398164
一般衛生護理範疇(其他)按堂區劃分的藥房、藥行和中藥房以及藥廠數目,https://data.gov.mo/Detail?id=d8ee0606-97e9-4914-82a4-38737b88bcbf
即時紫外線值,https://data.gov.mo/Detail?id=2c13addd-a91b-436a-a3e2-84ec895b68b6
過去7日紫外線值,https://data.gov.mo/Detail?id=4831822b-5c43-4621-a325-42277da4a1ef
財務管理範疇預算開支和實際開支,https://data.gov.mo/Detail?id=7cecff4b-c07c-4a10-a64b-4a16fa73d812
伽傌射線測量,https://data.gov.mo/Detail?id=a145173e-ff2b-4a16-b2c3-9068f02e9820
雷暴警告,https://data.gov.mo/Detail?id=df178ecd-228d-4218-a8ed-741e59e7811d
衛生範疇按根本死因組別劃分的死亡人數統計,https://data.gov.mo/Detail?id=0e4f6d0f-0f84-4866-8123-f5fbb6557bb2
退休及撫卹制度-撫卹金份數,https://data.gov.mo/Detail?id=1503cd84-60bd-473f-825f-bdfc9905aef8
人力資源範疇實習醫生概況,https://data.gov.mo/Detail?id=837a6043-1ea8-44f4-8762-34b774cc610f
澳門高等院校研究人員人數統計─按本地及外聘劃分,https://data.gov.mo/Detail?id=8e7c7a62-03f0-4c91-8c76-2060b1f0684e
疾病預防控制範疇按地點劃分接受疫苗接種的數目,https://data.gov.mo/Detail?id=9528b8da-f04a-45ed-bd04-540804fa3b60
衛生範疇醫護人員數目統計,https://data.gov.mo/Detail?id=e5023a7d-2ce8-4632-b2d0-ae3bcf47b7ed
一般衛生護理範疇(其他)本澳藥物概況,https://data.gov.mo/Detail?id=fa5e526f-0734-40a7-b829-f9071f9bfd3c
澳門高等院校註冊學生人數統計─按課程程度劃分,https://data.gov.mo/Detail?id=044d7c01-dc57-475c-8b09-114c591f6615
財務管理範疇按預算項目劃分的實際開支,https://data.gov.mo/Detail?id=19d18f13-8b96-4889-bf51-928d92663891
中小企業專項信用保證計劃統計 - 受惠行業,https://data.gov.mo/Detail?id=4d051587-0ab4-4d8b-9f83-1accafc38ba2
紫外線預報,https://data.gov.mo/Detail?id=7baa885b-7dca-4efa-ab65-16c6dee4ddd2
「星級旅遊服務認可計劃」獲獎餐廳食肆,https://data.gov.mo/Detail?id=92de06db-9779-4f44-9c34-1859561d048f
一般衛生護理範疇(衛生中心)按歲組劃分的衛生中心門診人次,https://data.gov.mo/Detail?id=af5492e6-4613-4995-8ee1-30f6f6284b3e
澳門高等院校教職員人數統計─按性別劃分,https://data.gov.mo/Detail?id=c5e87e46-78a0-4f6e-bde1-321ae7dec971
公共停車場數量,https://data.gov.mo/Detail?id=dfadef52-86d8-4415-a86c-027fe1b0b78b
一般衛生護理範疇(其他)按歲組及捐血次數劃分的成功捐血者人數,https://data.gov.mo/Detail?id=f10c1cd9-752f-47b6-9a5f-3270d00db92d
實用專利註冊申請量,https://data.gov.mo/Detail?id=0de74d36-1b39-4c72-a59f-ce271f6777f7
一般衛生護理範疇(衛生中心)尋求初級衛生保健的首十個求診原因,https://data.gov.mo/Detail?id=190885f5-b2e4-481a-bd48-20f98cefdeb0
中小企業援助計劃統計 - 申請概況,https://data.gov.mo/Detail?id=32716464-dc43-44d8-9609-9720b4d16e3c
本地建築工人平均日薪,https://data.gov.mo/Detail?id=4b526f6a-eb74-42ac-9d9b-0b0ecbcfa783
CEPA貨物出口貨值,https://data.gov.mo/Detail?id=57fc99fd-b8fa-4256-859d-6e6c2da66788
一般衛生護理範疇(衛生中心)衛生中心團體健康教育工作,https://data.gov.mo/Detail?id=5aee9f9e-2d7e-4cce-ba91-709b342891fa
一般衛生護理範疇(衛生中心)衛生中心醫務活動,https://data.gov.mo/Detail?id=70c0289e-f52d-4b25-aca3-9e471af28e74
一般衛生護理範疇(其他)按病毒學檢驗項目劃分的檢驗數目,https://data.gov.mo/Detail?id=87db05f2-1040-45d5-a189-c72db7c70395
CEPA澳門服務提供者證明書,https://data.gov.mo/Detail?id=a63ed7a4-c86e-48d2-b3e8-870155e8d156
澳門高等院校畢業學生人數統計,https://data.gov.mo/Detail?id=a7cf57a0-b0dd-458e-967a-4c78474559cb
衛生範疇醫院病床數目統計,https://data.gov.mo/Detail?id=beed4ba9-6a7e-46dc-9fc3-ea4cc8f1533d
一般衛生護理範疇(其他)按檢驗項目劃分的檢驗數目,https://data.gov.mo/Detail?id=dd3da9be-4785-49fc-9fdb-7fcc24edfc94
辦公室單位每平方米平均價格,https://data.gov.mo/Detail?id=f736874d-3679-4fb4-82b6-31191b1dfc0d
專科衛生護理範疇按專科劃分的門診人次,https://data.gov.mo/Detail?id=fba9e857-c978-4ec8-942f-9a6263a453ed
人力資源範疇按工作人員所屬系統劃分的人員分佈,https://data.gov.mo/Detail?id=0d183407-720d-4289-b1fc-680ab062f8a9
專科衛生護理範疇按歲組劃分的住院病人數目,https://data.gov.mo/Detail?id=3fd16e3f-dfb2-45cd-beb6-5eeae7d95894
專科衛生護理範疇按歲組劃分的門診人次,https://data.gov.mo/Detail?id=55a3937c-7aa1-427f-89c5-c0be92d20a0f
巴士司機數量,https://data.gov.mo/Detail?id=64e7adeb-a376-4129-a48f-72f2bd4dda63
人力資源範疇衛生局人員數目,https://data.gov.mo/Detail?id=7c3820ce-a13b-4058-9ade-613303c91c8a
一般衛生護理範疇(其他)藥物監測概況,https://data.gov.mo/Detail?id=a3656732-ba67-4faa-8a1b-15a1b0b22520
一般衛生護理範疇(其他)私人醫務活動場所數目,https://data.gov.mo/Detail?id=b556d624-d01b-42cd-8919-e1829f14aedb
一般衛生護理範疇(衛生中心)衛生中心護理工作,https://data.gov.mo/Detail?id=bbdbefcf-cd0c-4e14-b955-bd72c1425b1a
疾病預防控制範疇按年齡劃分的疫苗接種可以預防的申報疾病病例數,https://data.gov.mo/Detail?id=c70cddfc-60ad-4e98-be9b-94dd19686bfb
衛生範疇按十大特定死因劃分的死亡人數統計,https://data.gov.mo/Detail?id=f291d76e-d267-456b-a01d-34a1fb10db60
校部數(按學校分類和教育階段劃分),https://data.gov.mo/Detail?id=01661ffe-1d4d-442b-9273-425faed2d4a2
疾病預防控制範疇蚊的控制工作,https://data.gov.mo/Detail?id=13b0a128-bf31-4588-8678-04d1269a493d
一般衛生護理範疇(其他)藥物業稽查及違規處理概況,https://data.gov.mo/Detail?id=2eeecd02-bd20-49c1-b748-417d7fbea96d
疾病預防控制範疇按事故類別劃分的傷害事故死亡人數,https://data.gov.mo/Detail?id=31394fa0-5b8a-4561-9bde-150c485ad7b1
中小企業信用保證計劃統計 - 申請概況,https://data.gov.mo/Detail?id=3b887106-88f8-44bc-aaf8-201fb7f0949b
學生人數 (按學校和年級劃分),https://data.gov.mo/Detail?id=41a9f264-c2fc-4b53-a51b-6e0513b7ac62
「星級旅遊服務認可計劃」獲獎旅行社,https://data.gov.mo/Detail?id=52ec22d4-f6de-4577-a607-9701b63a3dbc
鼓勵企業升級發展補貼計劃統計 - 受惠行業,https://data.gov.mo/Detail?id=69a97b47-95f6-447a-9a86-77a7036f1e18
一般衛生護理範疇(其他)捐血者概況,https://data.gov.mo/Detail?id=6a952188-81a0-45c7-9beb-4520f08f52be
專科衛生護理範疇兒童綜合評估中心概況,https://data.gov.mo/Detail?id=7055a894-2205-4c98-a256-ec4830fee92a
疾病預防控制範疇按歲組劃分的傷害事故死亡人數,https://data.gov.mo/Detail?id=7ab16252-21d0-4fa1-9448-19dd7ba2cdc4
工業單位每平方米平均價格,https://data.gov.mo/Detail?id=7c09e60a-4290-4729-9675-dd47460dddd6
疾病預防控制範疇澳門防疫接種計劃主要覆蓋率,https://data.gov.mo/Detail?id=8333cdcd-578e-4407-986d-1603a56bb0a2
一般衛生護理範疇(衛生中心)按門診種類和歲組劃分的門診人次,https://data.gov.mo/Detail?id=85418220-3af5-4482-ba4d-972f781a89c0
人力資源範疇按所屬單位劃分的高級衛生技術員數目,https://data.gov.mo/Detail?id=960a1565-d7f3-41c6-92a0-989694aca0b1
專科衛生護理範疇按求診原因劃分的急診就診人次,https://data.gov.mo/Detail?id=a190df98-e96e-4776-9fa4-434f0e982f1e
一般衛生護理範疇(其他)血液收集概況,https://data.gov.mo/Detail?id=cf526acc-fff1-4db1-87da-9e20cd964a82
澳門高等院校註冊學生人數統計─按性別劃分,https://data.gov.mo/Detail?id=0ab23142-b8d6-44fd-8e0f-41798bc793dc
人力資源範疇按所屬單位劃分的藥劑師數目,https://data.gov.mo/Detail?id=0d4caa09-736c-40e7-aa1b-ec2fb056d875
一般衛生護理範疇(衛生中心)衛生中心保健指標,https://data.gov.mo/Detail?id=1465d565-b008-4d5d-a5c3-6709c6e95834
專科衛生護理範疇急診部概況,https://data.gov.mo/Detail?id=22971c15-99ee-4126-bd98-bd028bf9bb6b
衛生範疇健康指標統計,https://data.gov.mo/Detail?id=22fd734e-fbb1-4517-a2e5-1a8e694b7454
人力資源範疇按所屬單位劃分的診療技術員數目,https://data.gov.mo/Detail?id=27793af7-7cf0-4301-ae25-d4644ee3fc6a
疾病預防控制範疇放射防護範疇工作數字,https://data.gov.mo/Detail?id=2b588520-0b14-4c46-a39d-8b2a1810f306
疾病預防控制範疇按傷害成因劃分的傷害事故人數,https://data.gov.mo/Detail?id=2bc8900e-e144-4709-9931-d6510f4dfbf1
專科衛生護理範疇診斷和治療輔助檢查人次,https://data.gov.mo/Detail?id=2cb1ecf3-b385-4476-9776-1eff89fdc06f
污水處理廠數據(跨境工業區),https://data.gov.mo/Detail?id=4a57b120-60f2-4a36-a6eb-7f93f340f2e6
專科衛生護理範疇按亞專科劃分的門診人次,https://data.gov.mo/Detail?id=551bbe24-d64d-42b7-a849-b2b0adb47184
發明專利延伸申請量,https://data.gov.mo/Detail?id=58255a62-6c4a-464a-8eb9-c8bb457213ad
一般衛生護理範疇(其他)衛生專業人員准照數目,https://data.gov.mo/Detail?id=68d07a89-78fc-4c22-99b8-a24089894935
一般衛生護理範疇(其他)控煙檢控個案及巡查統計,https://data.gov.mo/Detail?id=7413b2cc-4fde-49f8-b030-dc0cb6fba685
衛生範疇按工作場所劃分的醫護人員數目統計,https://data.gov.mo/Detail?id=87365b1e-1a12-47f0-9770-55e0759ee505
專科衛生護理範疇仁伯爵綜合醫院醫務活動,https://data.gov.mo/Detail?id=8a529d30-a379-4acd-89ed-1c1cd8b31b83
專科衛生護理範疇按就醫地點劃分送往外地治療之病人,https://data.gov.mo/Detail?id=96b6fb39-510c-4e39-a7b0-057ac2554d3d
澳門高等院校畢業學生人數統計─按院校劃分,https://data.gov.mo/Detail?id=ae78614f-4bc6-4bca-b830-f2192d62d369
一般衛生護理範疇(其他)按工作場所劃分的衛生專業人員准照數目,https://data.gov.mo/Detail?id=c94a272f-f094-4ba1-911e-41517ae6772c
專科衛生護理範疇按歲組劃分送往外地治療之病人,https://data.gov.mo/Detail?id=db7960a8-ac93-4645-b2af-f17a05f53695
澳門高等院校本地生畢業人數統計─按課程程度劃分,https://data.gov.mo/Detail?id=dd116f04-8d6f-4700-ac96-e7a84cb6367b
專科衛生護理範疇手術室概況,https://data.gov.mo/Detail?id=e75b0009-8f27-4720-a103-d590fdfcc0b1
專科衛生護理範疇分娩室概況,https://data.gov.mo/Detail?id=e819018a-c48d-4b8d-b482-4ddf806505d7
疾病預防控制範疇按歲組劃分的二○一七年主要新增癌症個案,https://data.gov.mo/Detail?id=edde9246-5ac7-449b-9f71-ab39b49ec4c3
疾病預防控制範疇按事故類別劃分的傷害事故人數,https://data.gov.mo/Detail?id=fa255fa9-c646-497c-931f-be5508407c10
澳門高等院校本地生註冊人數統計─按課程程度劃分,https://data.gov.mo/Detail?id=fbb9f0da-d6d4-4e62-a0c3-d634c1494ebf
移走公共停車場濫泊車輛,https://data.gov.mo/Detail?id=fc6710f0-fd42-4cd8-b1dc-1d7d1e244934
疾病預防控制範疇十大強制性申報疾病個案,https://data.gov.mo/Detail?id=15ab3029-5885-4609-8273-e48803422078
澳門高等院校教職員人數統計─按院校劃分,https://data.gov.mo/Detail?id=17e07b97-fbb1-46a7-a897-ee8e743e8d3c
疾病預防控制範疇按歲組劃分的十大強制性申報疾病個案,https://data.gov.mo/Detail?id=1cb4c716-25a1-4289-8cd8-8ceec406a6c0
疾病預防控制範疇社區衛生工作組工作概況,https://data.gov.mo/Detail?id=22bcf76e-8465-4445-b23c-2b398ad656db
專科衛生護理範疇按專科劃分的手術人次,https://data.gov.mo/Detail?id=237701cb-b324-4ead-9f3d-580c6c3f9293
各類學校、教育階段和最高學歷的教學人員人數分佈,https://data.gov.mo/Detail?id=29963f8e-424c-4f23-9c5d-fbe69342deb8
退休及撫卹制度-在職會員-按性別劃分,https://data.gov.mo/Detail?id=2ae8d977-db37-479c-970a-2162688e5458
疾病預防控制範疇十大癌症新增個案,https://data.gov.mo/Detail?id=3be8ebf8-4a12-4acf-b5bc-2877bd7d68ca
疾病預防控制範疇愛滋病諮詢服務,https://data.gov.mo/Detail?id=3ea938c8-28b7-4f4a-af23-f94d712a9a7a
疾病預防控制範疇環境及食物衛生部採樣工作概況,https://data.gov.mo/Detail?id=47536b06-5568-4a58-b6eb-582e32121871
疾病預防控制範疇按歲組劃分的愛滋病病毒感染結存個案,https://data.gov.mo/Detail?id=5796dfcc-1acc-4dc3-8bf2-4a3fcc7764d3
人力資源範疇按歲組劃分的人員分佈,https://data.gov.mo/Detail?id=5b11ac25-febf-4706-976f-0a86dc62a3f2
公積金制度-供款人登記之註銷-按任用方式劃分,https://data.gov.mo/Detail?id=6931bfb3-7ad7-4815-ac3e-7a0b9f0f788c
備有輪椅停靠設備的巴士數量,https://data.gov.mo/Detail?id=73809a1a-3ed3-42ec-92c2-2e5ca5b196dd
各類學校和教育階段的學校數(按教育階段計算),https://data.gov.mo/Detail?id=7ee5c2b9-cb91-4735-842c-a69a94eba844
專科衛生護理範疇結核病防治中心概況,https://data.gov.mo/Detail?id=878bae1b-0f7a-4e21-9cfb-17db973b3774
低地台巴士數量,https://data.gov.mo/Detail?id=9e45b415-c24d-4dc9-9079-02ef79518c3d
疾病預防控制範疇按歲組劃分的傷害事故人數,https://data.gov.mo/Detail?id=a18c1cc3-5620-4dfe-9d64-ee487836a60f
疾病預防控制範疇按歲組劃分的愛滋病病毒感染個案,https://data.gov.mo/Detail?id=a874a891-5bf7-4d1e-84ea-b968cddc5f4d
特別的士,https://data.gov.mo/Detail?id=d555ea13-c160-48b5-ae59-e6408bf6485d
中小企業專項信用保證計劃統計 - 申請概況,https://data.gov.mo/Detail?id=f1a79cce-3968-492e-9dd4-eb3aaf5a73bf
中小企業援助計劃統計 - 受惠行業,https://data.gov.mo/Detail?id=28832daf-cc31-412b-b51c-c3f9cc3068f1
中小企業信用保證計劃統計 - 受惠行業,https://data.gov.mo/Detail?id=b29dea65-b025-42d0-8d3e-99272bbe58d6
學生人數(按年齡和性別劃分),https://data.gov.mo/Detail?id=96a98449-0a75-44b2-acc6-8fd330270661
鼓勵企業升級發展補貼計劃統計 - 申請概況,https://data.gov.mo/Detail?id=d404b7d3-d088-47d3-b3df-ce63a12985b1
澳門空運經營人,https://data.gov.mo/Detail?id=00b9b887-2179-4185-ba26-0fdd351863ff
開辦職業技術課程校部數 (按學校分類劃分),https://data.gov.mo/Detail?id=0222489c-2b61-42d0-a68b-d2209b483a56
澳門高等院校註冊學生人數統計─按本地生及外地生劃分,https://data.gov.mo/Detail?id=284274cc-dc23-4265-829c-f8321ee86d1f
澳門高等院校教學人員人數統計─按聘用方式劃分,https://data.gov.mo/Detail?id=2e002761-1b72-4579-9353-a8e9b7fe592f
澳門高等院校畢業學生人數統計─按性別劃分,https://data.gov.mo/Detail?id=343a2c05-2af6-486d-b91c-e801d430d05b
各學校師生比(人次數),https://data.gov.mo/Detail?id=c5ea3924-ecf2-46e0-978c-3d449141edab
澳門高等院校註冊學生人數統計─按院校劃分,https://data.gov.mo/Detail?id=cd887839-7651-426d-8626-427c946b04a4
澳門高等院校研究人員人數統計─按院校劃分,https://data.gov.mo/Detail?id=fb29ffcb-a076-408e-b78e-8536af4ee74a
澳門高等院校外地生註冊人數統計─按院校劃分,https://data.gov.mo/Detail?id=fcb95224-7282-4431-827e-34be6aad79d9
澳門高等院校外地生畢業人數統計─按性別劃分,https://data.gov.mo/Detail?id=febada19-769b-45ca-abb4-719f7be013c3
澳門高等院校本地生註冊人數統計─按院校劃分,https://data.gov.mo/Detail?id=00bd5e56-d5e6-4063-a817-a3206d4c073a
澳門高等院校外地生註冊人數統計─按課程程度劃分,https://data.gov.mo/Detail?id=063e7e8f-6041-4fa1-a4f9-f789c2b8dd32
澳門高等院校畢業學生人數統計─按課程程度劃分,https://data.gov.mo/Detail?id=17153833-cc96-4673-a03f-e37ce955e5c9
澳門高等院校教學人員人數統計─按性別劃分,https://data.gov.mo/Detail?id=178d97d1-155c-40e8-b108-a13cce1ec2e3
澳門高等院校研究人員人數統計─按聘用方式劃分,https://data.gov.mo/Detail?id=3097b0fd-791f-4ea3-a2c2-0d63fcf5e423
澳門高等院校本地生註冊人數統計─按性別劃分,https://data.gov.mo/Detail?id=32182da6-bc62-4741-9db3-48d8949a8673
澳門高等院校外地生註冊人數統計─按性別劃分,https://data.gov.mo/Detail?id=47fea6a3-90ed-4409-9256-f4a55d6f4cad
澳門高等院校註冊學生人數統計,https://data.gov.mo/Detail?id=66ef40ed-9962-4971-bb37-fbc1731ba1bf
澳門高等院校外地生畢業人數統計─按院校劃分,https://data.gov.mo/Detail?id=886e2e54-9d16-48c5-aaa6-a7d0c256f6d8
澳門高等院校教學人員人數統計─按院校劃分,https://data.gov.mo/Detail?id=ba7342c7-7a35-4333-b8f0-c5d00e904d85
澳門高等院校外地生畢業人數統計─按課程程度劃分,https://data.gov.mo/Detail?id=c4c5e8d7-7606-4134-811d-b413da0db4a9
澳門高等院校畢業學生人數統計─按本地生及外地生劃分,https://data.gov.mo/Detail?id=eb1aa0e4-172d-4f80-b537-833c04b4e657
澳門高等院校非教學人員人數統計─按院校劃分,https://data.gov.mo/Detail?id=0e890191-84cc-4b48-a408-3798cc1ab246
各學校班師比(人次數),https://data.gov.mo/Detail?id=22cb2381-a35d-454c-9877-424e374d8694
澳門高等院校教職員人數統計,https://data.gov.mo/Detail?id=300af5a1-e061-4393-aea8-2e13e1f642e4
澳門高等院校非教學人員人數統計─按本地及外聘劃分,https://data.gov.mo/Detail?id=5aaba2f2-f0a6-4622-a579-40f516a88b4e
澳門高等院校非教學人員人數統計─按性別劃分,https://data.gov.mo/Detail?id=740f2481-33f5-4a65-a5cd-f65c7388d234
校部數(按教育階段和語言劃分),https://data.gov.mo/Detail?id=7f2275e2-4dae-4b32-a301-4b6b7a893be9
澳門高等院校本地生畢業人數統計─按院校劃分,https://data.gov.mo/Detail?id=840d9f8c-c28b-41cd-a723-28cc9633b6ea
澳門高等院校研究人員人數統計─按性別劃分,https://data.gov.mo/Detail?id=b7b03b49-4e93-4312-b734-55ffdc6cdb49
澳門高等院校非教學人員人數統計─按聘用方式劃分,https://data.gov.mo/Detail?id=b9d9247c-2667-4652-a50e-6be6e67ce237
澳門高等院校本地生畢業人數統計─按性別劃分,https://data.gov.mo/Detail?id=ba5f358b-925e-485c-bece-97bfa989305d
教學人員人數(按學校和教育階段劃分),https://data.gov.mo/Detail?id=bdefdbcd-35e1-4d5b-b8bd-4c11a9db8b37
教學人員人數(按服務時間和教育階段劃分),https://data.gov.mo/Detail?id=d826a3e8-0fad-4408-a781-dd3d5f8be441
各類學校和年級的學生學、雜費用 (中學 + 特教),https://data.gov.mo/Detail?id=3dfbb79c-ac42-4a84-9959-7246003c6f43
教學人員人數(按年齡組和教育階段劃分),https://data.gov.mo/Detail?id=47d2cead-527e-40cd-aece-9050bdb67e2a
職業技術課程學生人數 (按年齡和性別劃分),https://data.gov.mo/Detail?id=996fe385-0332-487f-89c0-2c868089e861
教學人員人數(按服務時間和性別劃分),https://data.gov.mo/Detail?id=9b25d2c0-3a7b-4fbb-8668-8354f3e48524
班數 (按學校和年級劃分),https://data.gov.mo/Detail?id=bd31b86d-42e3-4a5b-bf1b-adb08b50d12e
各類學校和最高學歷的教學人員人次數分佈,https://data.gov.mo/Detail?id=ced8d092-12dc-4788-8a1f-121820ee9cbd
教育機構職員人次數 (按校部劃分),https://data.gov.mo/Detail?id=d5ab0b43-3584-4853-9b92-f256724f679f
教學人員人數(按年齡組和性別劃分),https://data.gov.mo/Detail?id=15aa12c0-ab1f-4230-a7a6-17ca5da2b863
各類學校和年級的學生學、雜費用 (幼兒教育 + 小學),https://data.gov.mo/Detail?id=15e4d51f-7ff6-474a-b520-25cf11b58208
職業技術課程學生人數 (按校部、課程名稱及年級劃分),https://data.gov.mo/Detail?id=4d6d9e14-8f2a-4481-99d2-6af317e5db4e
校部數(按教育類型和教育階段劃分),https://data.gov.mo/Detail?id=7eb736dd-7d69-4198-99e7-bfc11be6afde
教學人員人次數(按學校和教育階段劃分),https://data.gov.mo/Detail?id=b405bcb9-0888-497f-80dd-cdd26332ed67
維修機構,https://data.gov.mo/Detail?id=f942e141-4b8c-4926-9f7c-a0121daf9c9e
退休及撫卹制度-撫卹金訂定宗數 –按原因劃分,https://data.gov.mo/Detail?id=5582ad5d-07b1-40a9-8016-c850d9483965
退休及撫卹制度-辦理在生證明人數–按辦理途徑劃分,https://data.gov.mo/Detail?id=8c5c0b1e-3f21-4fbf-861b-218f87bd992d
澳門接受的航空器類型和型號,https://data.gov.mo/Detail?id=a825c247-a2e3-4449-aeac-de56a9e96ad2
維修培訓機構,https://data.gov.mo/Detail?id=de390c31-ef3b-49f5-bb3b-1841da96048a
澳門註冊的航空器,https://data.gov.mo/Detail?id=fb257ad9-1620-45d6-bfe5-93fc0b27f6b9
退休及撫卹制度-退休金訂定宗數 –按退休種類劃分,https://data.gov.mo/Detail?id=13281b6d-c99b-4979-91db-f05a135981c4
公積金制度-供款人-按薪俸金額劃分,https://data.gov.mo/Detail?id=53cd1678-3853-4b21-938f-be3ed75d922c
公積金制度-供款人登記之註銷-按薪俸金額劃分,https://data.gov.mo/Detail?id=bbf3af68-02db-487a-8610-706883cd82de
公積金制度-供款人登記之註銷-按性別劃分,https://data.gov.mo/Detail?id=d40d2ba1-df31-4081-a00a-cb483e8b1801
